id	area	capability	sources	mock_status	mock_observation	preserve_at	acceptance
APP-01	App	Projekt neu, öffnen, speichern, speichern unter	MainMenu.swift;VideoProject.swift;ProjectWorkingCopy.swift	simulated	Projektmenü: Neu, Öffnen, Sichern, Kopie; Sitzungsstand wiederherstellbar. Keine echten Dokumentdateien.	Native Datei-Menüs und Startfenster	Bestehendes Projekt öffnen, ändern, sichern und als Kopie sichern; Medienbindungen und Recovery erhalten.
APP-02	App	Letzte Projekte, Finder, aus Liste entfernen, Projekt löschen	HomeView.swift;ProjectCard.swift;ProjectRegistry.swift	simulated	Projektmenü > Letzte Projekte, Verlauf entfernen; Dateiort im Medien-Inspector. Native Finder-/Papierkorboperationen bleiben Systemadapter.	Vorhandenes Startfenster	Aus Liste entfernen löscht keine Projektdatei; Löschen bleibt ausdrücklich bestätigt.
APP-03	App	Projektformat, Seitenverhältnis, Auflösung und FPS	ProjectCockpitView.swift;EditorViewModel+ProjectSettings.swift;ProjectSettingsMismatchView.swift	simulated	Projektmenü > Projekteinstellungen: Name, Format, Auflösung, FPS gemeinsam in Viewer, Timeline und Export.	Projekteinstellungen; importbezogene Format-Rückfrage	Hochkantprojekt und anderer FPS-Wert bleiben durch Viewer, Timeline und Export konsistent.
APP-04	App	Workspace-Wechsel ohne Pipeline-Abschluss	EditorViewModel.swift@allowsTimelineEditChrome;EditorView.swift	simulated	Schnitt, Postproduction und Export frei erreichbar; leeres Generic-Projekt mit Fremdmedien bis zur Ausgabe geprüft.	Medien/Produktion/Schnitt/Postproduction/Export als getrennte Arbeitsbereiche; keine zusätzlichen obligatorischen Generierungs-Gates	Importierter Film lässt sich ohne Storyboard, generierte Takes oder Pipeline-Freigabe schneiden und exportieren.
APP-05	App	Sidebar und Inspector unabhängig, Splitter, Zustandswiederherstellung	EditorView.swift;TitleBarView.swift;WindowGeometry.swift	simulated	Unabhängige Sidebar-Icons, Splitter und gespeicherter Layoutzustand; 320–1440 px geprüft.	Gemeinsame Titelleiste und native Split-Controller	Jeder Schalter ändert nur sein Panel; Projektdaten bleiben unverändert.
APP-06	App	Panel maximieren, Theater, Vollbild, Layout-Presets	MainMenu.swift;EditorView.swift	simulated	Projekt > Fenster & Ansichten, Viewer maximieren, Vollbild, zwei Layouts. Browser-Vollbild hängt von Host-Erlaubnis ab.	Native Menü-/Tastaturaktionen; dezente lokale Viewer-Aktion	Theater/Vollbild verlassen stellt Layout, Auswahl und Wiedergabekontext wieder her; kein globales Ansichtsdropdown ergänzen.
APP-07	App	Undo/Redo, Clipboard und Tastaturbefehle	MainMenu.swift;EditorWindowController.swift;EditorViewModel+Clipboard.swift	simulated	Undo/Redo, Clip-Clipboard, Duplizieren, Mehrfachauswahl, Löschen und Tastatur im Schnitt. Kein nativer macOS-Responder-Test.	Native Menüs/Responder, Timeline und Formulare	Text-Undo und Timeline-Undo nicht verwechseln; Command-X/C/V/A und Mehrfachauswahl behalten ihre Wirkung.
APP-08	App	Hilfe, Tutorial, Shortcuts, Feedback, Updates und Diagnose	HelpView.swift;ShortcutsPane.swift;FeedbackView.swift;UpdateOverlay.swift;TourOverlay.swift;HangDiagnosticUI.swift	simulated	Projekt > Hilfe & Tastatur: Einführung, lokaler Feedbackentwurf, Update-Simulation. Kein Versand und kein echter Updater.	Native Hilfe-/App-Menüs und vorhandene Fenster	Alle Einstiegspunkte erreichbar lassen; Feedback/Screenshot nur mit ausdrücklicher Nutzereingabe senden.
APP-09	App	Generierungsaktivität und Kostenverlauf	ProjectActivityView.swift;EditorViewModel+Cost.swift	simulated	Statusleiste > Aufträge und Projekt > Aufträge & Entscheidungen: Revisions-/Zeit-/Ergebnisverlauf.	Projektaktivität, vom Budget-/Statusbereich erreichbar	Modell, Kosten, Zeitpunkt und Ergebnis eines früheren Auftrags wiederfinden.
APP-10	App	Gemeinsame native Controls, Theme, Fokus und deaktivierte Zustände	AppTheme.swift;DesignSystem.swift;NativeChoicePicker.swift;CapsuleButton.swift	simulated	Gemeinsame dunkle Controls, Fokus, deutlich deaktivierte Aktionen, Pack-Flächen. HTML ist kein Ersatz für native AppTheme-Primitives.	Bestehende gemeinsame UI-Komponenten und AppTheme	Deaktivierte Controls eindeutig, Tastaturfokus sichtbar, Pack-Akzent und Textskalierung konsistent; keine neue parallele Komponentenbibliothek.
MED-01	Medien	Import verschiedener Dateitypen, Ordnerimport, Fortschritt, Abbruch	MediaImportFlow.swift;MediaImportProgressBanner.swift;EditorViewModel+MediaLibrary.swift;ClipType.swift	simulated	Medien > Import: Video, Bild, Audio, Text, Lottie; leerer Schnitt > fünf Beispielquellen. Dateiauswahl bleibt Simulation.	Medien > Import; kompakte Picker nutzen denselben Bestand	Video, Audio, Bild, Lottie und Dokumente samt lesbarem Originalnamen übernehmen; Abbruch verständlich anzeigen.
MED-02	Medien	Bibliotheksordner, Unterordner, Umbenennen, Löschen, Verschieben	EditorViewModel+Folders.swift;FolderTileView.swift;MediaTab+Grids.swift	simulated	Ordnerbaum: Unterordner, Umbenennen, Verschieben, Entfernen; Inhalte beim Entfernen nach Importe übernehmen.	Medien > Ordnerbaum und Kontextmenüs	Mehrere verschachtelte Ordner verschieben/löschen mit Undo; Zyklen verhindern.
MED-03	Medien	Asset umbenennen/löschen, Finder, Pfade kopieren	AssetThumbnailView.swift;EditorViewModel+MediaLibrary.swift	simulated	Medien-Kontextmenü und Inspector: Umbenennen, Entfernen, Dateiort, Offline-Relink. Verwendungsanzeige nutzt kanonische Take-/Clip-Bindungen. Offline-Testzustände außerhalb der App.	Medien > Datei-Kontextmenü und Inspector	Originalname, Anzeigetitel und Speicherpfad auseinanderhalten; verwendete Medien und Undo korrekt behandeln.
MED-04	Medien	Mehrfach-, Bereichs- und Marquee-Auswahl	MediaTab.swift;MediaTab+Grids.swift	simulated	Medien: Cmd-/Shift-Auswahl und aufgezogener Auswahlbereich, gemeinsame Mehrfachaktionen.	Großer Medienbrowser	Ausgewählte Gruppe per Ziehen verschieben, Selektion beim Filtern nachvollziehbar halten.
MED-05	Medien	Typfilter, KI-Filter, Sortierung, Thumbnailgröße, Drag-and-drop	MediaTab.swift;MediaTab+Drag.swift;MediaPanelDropArea.swift	simulated	Typ-/KI-Filter, Sortierung, Raster/Liste, Größe und Ziehen; nativen AppKit-Drop-Host später unverändert einbinden.	Medien; Picker nur Auswahl/Bindung	Ordner-Drop und innerer Asset-Drop bleiben gleichzeitig erreichbar; nativen AppKit-Drop-Host erhalten.
MED-06	Medien	Visuelle Inhaltssuche, Moments, zeitgebundene Segmente	MediaTab+Search.swift;VisualSearch.swift;VisualIndexer.swift	simulated	Bildinhalt durchsucht motivbezogene Beispieldaten; Quellzeiten nur bei vorhandenen Segmenten. Standbilder erhalten keine erfundenen Zeitbereiche. Kein echter Bildindex.	Medien > Suchergebnisse; kompakte Treffer im Picker	Moment an Fundstelle ansehen und exakt den gefundenen Bereich in die Timeline ziehen.
MED-07	Medien	Sprach-/Transkriptsuche, Spoken-Treffer und Segmente	MediaTab+Search.swift;TranscriptSearch.swift;Transcription.swift	simulated	Transkript durchsucht hinterlegte Audio-/Videosegmente mit Text und Quellzeit. Dateinamen und Textdokumente sind keine Transkripttreffer. Kein lokales Sprachmodell im HTML.	Medien > Suche und Quellvorschau	Texttreffer springt zur richtigen Quellzeit; Bereichs-Drag überträgt Anfang/Ende.
MED-08	Medien	Indexzustände, Download, Fehler/Retry und Speicherverwaltung	MediaTab+IndexStatus.swift;SearchIndexCoordinator.swift;StoragePane.swift	simulated	Suchstatus und Einstellungen > Speicher: Index aktivieren/neu aufbauen. Download-/Indexrunner bleibt nativer Adapter.	Medien-Suchstatus; Einstellungen > Speicher	Nicht indexiert, in Arbeit und fehlgeschlagen unterscheiden; Index löschen entfernt keine Medien.
MED-09	Medien	Offline-Medien und Relink Datei/Ordner	EditorViewModel+Relink.swift;PreviewContainerView.swift@offlinePreview;AssetThumbnailView.swift	simulated	Dateiaktionen > Offline-Fall und Relink Einzeldatei/Ordner. IDs und Timeline-Instanzen bleiben erhalten.	Medien-Kontextmenü und Viewer-Fehleransicht	Einzelne Datei oder Ordner neu verknüpfen; Asset-ID und Timeline-Instanzen bleiben erhalten.
MED-10	Medien	Metadaten, Generierungsherkunft und klickbare Referenzen	InspectorView.swift@assetDetailsContent;GenerationReferencesStrip.swift;MediaAsset.swift	simulated	Datei-/Quellen-Inspector zeigt Herkunft, Modell, Intention, Kosten und Referenz-ID erzeugter Demo-Assets.	Medien > Inspector; Quellen-Inspector	Modell, kompilierten Prompt, Abmessungen, Quelldatei und Referenz-Assets aus gespeicherten Daten lesen.
MED-11	Medien	Medienbrowser, Quellvorschau und Reveal derselben Asset-ID	EditorViewModel+PreviewTabs.swift;MediaTab.swift	simulated	Ein gemeinsamer Bestand für Medien, Quellen-Picker und Timeline; In Medien zeigen bleibt kontexttreu.	Medien und kompakte Quellen-Picker	Workspace-Wechsel erzeugt keine zweite Bibliothek und verändert keine Pipeline-Zuweisung.
MED-12	Medien	Texte als Quelldokumente, Bilder und Lottie als Timeline-Medien	ClipType.swift;LottieVideoGenerator.swift;ImageVideoGenerator.swift	simulated	Text bleibt Quelldokument. Video, Audio, Bild und Lottie sind unabhängig von Shots einsetzbar.	Medien > alle unterstützten Typen; NLE-Drop nach isPlaceable	Dokumente bleiben nicht platzierbar; Bilder, Lottie, freie Video- und Audiomedien werden nicht ausgesperrt.
MED-13	Medien	Medien mit Agent organisieren	MediaTab.swift@organizeWithAgent;ToolExecutor+Folders.swift	simulated	Medien > Organisieren: Vorschlag, begrenzte Annahme, bestehende Ordnerzuordnung und Undo.	Medien > Organisieren > prüfbarer Änderungsplan	Ordner-/Namensvorschlag ansehen, gezielt annehmen, über bestehende Mutationen mit Undo anwenden.
GEN-01	Generierung	Manuelle Bild-, Video- und Audiogenerierung	GenerationView.swift;GenerationRequest.swift	simulated	Medien > Generieren: Typ, Intention, Provider/Modell, vorbereiteter Auftrag, Kosten und Ergebnis. Kein Content-Modell aufgerufen.	Medien > Generieren; kontextgebundene Aufträge im Inspector	Intention immer kompilieren; keine Rohprompt-Abkürzung zur Provider-API.
GEN-02	Generierung	Ausführbare Provider-/Modellbindungen und modellabhängige Optionen	ModelCatalog.swift;ModelPreferences.swift;GenerationView.swift@isUsable	simulated	Provider-/Modellschalter filtern die Generatorauswahl; leere ausführbare Menge deaktiviert Vorbereitung. Demokatalog, keine Live-Verfügbarkeit.	Gemeinsame native Modellwahl in jedem Generierungsdialog	Nur aktivierte ausführbare Bindungen zeigen; Modellwechsel entfernt inkompatible Eingaben nachvollziehbar.
GEN-03	Generierung	First/Last Frames und Referenzmodus mit Bild/Video/Audio-Slots	GenerationView.swift@framesRefsMode;GenerationPackageInputs.swift	partial	Modellabhängige optionale/erforderliche Bildreferenz vorhanden. Frei erfundene Endbild-/Quellvideo-Slots am Text-zu-Video-Modell entfernt. Vollständige Multi-Reference-/Endframe-Fähigkeitsprofile im Clickdummy noch offen; native Rollen-/Limitvalidatoren ausdrücklich erhalten.	Generierungsdialog > modellabhängige Quellen	Exklusive Frame-/Referenzmodi, Rollen und Limits beibehalten; keine heimlichen Zusatzreferenzen.
GEN-04	Generierung	Quellvideo, Motion-Referenz, getrimmte Quelle und Referenz-Tags	GenerationView.swift@sourceVideo;AIEditTab.swift@trimmedSourceIfEnabled;VideoTrimExtractor.swift	partial	KI-Bearbeitung am konkreten Clip vorhanden. Vollständige modellabhängige Quellvideo-/Trim-Eingabe im freien Generator noch offen; keine echte Videoextraktion im Browser.	Schnitt/Medien > KI-Bearbeitung	Quellvideo und optionaler Trim sind explizit; neue Ausgabe vs Ersetzen ausdrücklich wählen.
GEN-05	Generierung	Audio-Optionen: Stimme, Lyrics, Stil, Instrumental und Dauer	GenerationView.swift@selectedVoice;AudioModelConfig.swift	simulated	Audio-Demoprofile für Sprache/Musik: Stimme, Lyrics/Stil, Instrumental und Dauer. Keine verifizierte Providerpreisliste.	Gemeinsamer Audio-Generierungsdialog	Optionen nur bei passendem ausführbarem Modell zeigen und an denselben Auftrag binden.
GEN-06	Generierung	Vorbereiteter Auftrag, Paket prüfen, kopieren, Kosten ablehnen/freigeben	SpendApprovalCard.swift;GenerationPackageReviewView.swift;GenerationRequest.swift;CostGuard.swift	simulated	Auftrag und Beispielkosten vor Annahme, Revision und gebundene Quellen erneut geprüft; Rückkehr verwirft Quote.	Interaktionsbereich des jeweiligen Objekts	Exakte Referenzen und kompilierten Auftrag ansehen; Änderung erfordert neue Vorbereitung/Freigabe. Kompatible vorherige Provider-/Modellwahl beibehalten; Auswahl aus validiertem Snapshot und erneute Prüfung vor Ausgabe.
GEN-07	Generierung	Batch vorbereiten, einzelne Einträge entfernen, einmal freigeben	GenerationBatchCard.swift;GenerationBatchCoordinator.swift;GenerationBatchAuthorization.swift	simulated	Video-Takes vorbereiten: Einträge entfernen, Gesamtkosten bestätigen; leere Auswahl sperrt Annahme.	Produktion/Medien > Aufträge	Jedes Element und Gesamtkosten prüfbar; Freigabe nicht zwischen Revisionen wiederverwenden.
GEN-08	Generierung	Durable Jobs, fertige Ergebnisse, Rest abbrechen, Status fortsetzen	GenerationBatchCoordinator.swift;GenerationBatchStore.swift;GenerationBatchCard.swift	simulated	Batch: fertige Ergebnisse behalten, Rest stoppen, fortsetzen; gespeicherter laufender Auftrag öffnet pausiert. Keine echte Provider-Reconciliation.	Auftragsliste im Interaktionsbereich; KI-Indikator unten rechts mit Einzelaufträgen und Live-Status	Nach Neustart bekannte Jobs weiter abfragen statt neu kostenpflichtig einzureichen; fehlende lokale Autorität anzeigen.
GEN-09	Generierung	Rerun mit Herkunft, Upscale und Quelle gezielt ersetzen	AIEditTab.swift;EditSubmitter.swift;EditorViewModel+AIEdit.swift	simulated	Clip > KI: bearbeiten, hochskalieren, mit Vorgaben erneut erzeugen; neues Medium oder bewusster Instanzersatz.	Medien-/Clip-Inspector > KI-Bearbeitung	Quelle, Modell, Kosten und Ersatzumfang zeigen; Original und Undo erhalten.
GEN-10	Generierung	Video-to-Music und Video-to-SFX, Platzierung auf Timeline	VideoToAudioEditKind.swift;AIEditTab.swift@videoAudioActionRow;MusicGenerationSubmission.swift	simulated	Clip/Ton > Video zu Musik oder SFX: begrenzter Quellauftrag, Ergebnis in gemeinsamen Medien, danach frei einsetzbar.	Schnitt > Ton; Clip-Inspector > KI-Ton	Passendes Modell, Quellbereich und Zielspur bestätigen; nicht den Projekttrack heimlich ersetzen.
GEN-11	Generierung	Musik aus Bild/Video oder Text, Mood-Direction	MusicTab.swift;MusicGenerationSubmission.swift	simulated	Ton > Musik erzeugen: Richtung als strukturierte Auswahl und optionale Präzisierung; zusätzlich manuelles Audio-Musikprofil.	Schnitt > Ton erzeugen; Ergebnis in Medien	Vorhandenen Musikweg erhalten; chatgebundene Richtung als strukturierten Vorschlag adaptieren.
NLE-01	Schnitt	Freie Montage importierter und erzeugter Medien	EditorViewModel.swift@allowsTimelineEditChrome;EditorViewModel+ClipMutations.swift;TimelineView.swift	simulated	Freie Montage aller platzierbaren Medientypen in leerem Generic-Projekt bis Export geprüft.	Schnitt unabhängig von Produktion	Leeres generisches Projekt: fremdes Video importieren, schneiden und exportieren ohne KI.
NLE-02	Schnitt	Mehrere Video-, Bild-, Titel-, Lottie- und Audiospuren	EditorViewModel+Tracks.swift;TimelineHeaderView.swift;Timeline.swift	simulated	Gemeinsame Mehrspur-Timeline, Spuren hinzufügen/entfernen, Bild-/Audio-/Titelspuren, Sperren und Sichtbarkeit.	Schnitt > bestehende Mehrspur-Timeline	Spuren erzeugen/entfernen, mehrere Bilder/Titel schichten, Höhe/Mute/Hidden/Sync-Lock erhalten.
NLE-03	Schnitt	Auswahl, Mehrfach-/Marquee-Auswahl, Kopieren, Duplizieren, Verschieben	TimelineInputController.swift;EditorViewModel+Clipboard.swift	simulated	Clip- und Marquee-Mehrfachauswahl, Clipboard, Duplizieren, Ziehen und Option-Duplizieren.	Timeline und Kontextmenü	Gruppen und verbundene Clips bewegen; Option-Duplizieren, Clipboard und Undo wirken auf dieselben Instanzen.
NLE-04	Schnitt	Split, Rasierklinge, Trim, Ripple Delete, Lücken schließen	EditorViewModel+Ripple.swift;TimelineInputController.swift;ToolbarView.swift	simulated	Rasierklinge, Split, Kanten-Trim, Löschen/Ripple/Lücken schließen. Gesperrte Spuren bleiben gesperrt; native RippleEngine weiterverwenden.	Timeline-Werkzeuge und Shortcuts	Trim/Entfernen mit gesperrten bzw. verknüpften Spuren prüfen; keine stillen Zeitverschiebungen.
NLE-05	Schnitt	Insert/Overwrite und quellzeitgebundene Segment-Drops	RippleEngine.swift;OverwriteEngine.swift;EditorViewModel+Ripple.swift	simulated	Insert teilt einen überspannten Clip und schiebt den hinteren Bereich; Overwrite ersetzt Zielintervalle. Clip-Drop auf belegte Positionen wird erklärt abgewiesen. Komplexe native Ripple-/Overwrite-Randfälle bleiben Integrationsanforderung.	Timeline-Drop, Quellviewer und Kontextaktion	Einfügen und Überschreiben unterscheiden; korrekte Quell-In/Outs und Typkompatibilität erhalten.
NLE-06	Schnitt	Snapping, Zoom, Scroll, Auto-Scroll und Track-Höhen	SnapEngine.swift;TimelineInputController.swift;EditorViewModel+Tracks.swift	simulated	Timeline-Zoom, Einrasten, Auto-Scroll und Timeline-Höhe. Individuelle native Spurhöhen bleiben Integrationsdetail.	Timeline	Framegenau an Clips/Playhead einrasten; Zoomen hält Anker; Ziehen über sichtbare Grenzen funktioniert.
NLE-07	Schnitt	Link/Unlink, Sync-Lock, Mute/Hidden	EditorViewModel+Linking.swift;EditorViewModel+Tracks.swift;TimelineView.swift	simulated	Clip-Menü > Verbinden/Trennen; Spurkopf > Sync-Lock, Sperre und Sichtbarkeit/Stumm. Linking getrennt von Sync-Lock.	Track-Kopf und Clip-Kontextmenü	Linking und Sync-Lock nicht gleichsetzen; Companion-Clips und Ton bei Edits korrekt behandeln.
NLE-08	Schnitt	Bereich auswählen, Bereich als Medium sichern, Auswahl übergeben	EditorViewModel+TimelineRange.swift;EditorViewModel+SaveAsMedia.swift;TimelineView.swift	simulated	Clip-Menü > Sequenzbereich mit In/Out und Als Medium sichern.	Timeline-Bereich und strukturierte kontextbezogene Aktion	Anfang/Ende exakt erhalten; als Medium sichern und Quelldauer prüfen; Chat-Aktion durch begrenzten Auftrag ersetzen.
NLE-09	Schnitt	Quelle austauschen und Clip als neues Medium sichern	EditorViewModel+MediaSwap.swift;EditorViewModel+SaveAsMedia.swift	simulated	Clip-Inspector/-Menü: Quelle austauschen und Als Medium sichern; eigene Asset-ID.	Clip-Kontextmenü, zweckgebundener Quellen-Picker	Kompatibilität, Abbruch, Trim/Speed und bestehende Clip-Instanz erhalten.
NLE-10	Schnitt	Audio anhand Inhalt synchronisieren	EditorViewModel+AudioSync.swift;AudioSyncCorrelator.swift;TimelineView+AudioSyncMenu.swift	simulated	Audio-Sync benötigt ein ausgewähltes Bild-/Tonpaar. Bestätigter Beispielversatz ändert nur den gebundenen Audioclip. Keine echte Messung.	Kontextmenü geeigneter Timeline-Auswahl	Referenzquelle, ermittelten Versatz und nicht synchronisierbare Quellen verständlich behandeln.
VIEW-01	Vorschau	Mehrere Quell-Tabs, Timeline-Tab, Zurück/Vor und Tabs schließen	EditorViewModel+PreviewTabs.swift;PreviewContainerView.swift	simulated	Quellen-Tabs, Timeline-Rückkehr und Schließen; gemeinsamer Bestand. Nativer vollständiger Tab-Verlauf bleibt zu binden.	Viewer	Mehrere Quellen öffnen/schließen ohne die Timeline oder Quellpositionen zu verlieren.
VIEW-02	Vorschau	Transport, Scrub, framegenaues Steppen, Bild-Zoom/Fit/Pan	PreviewContainerView.swift;VideoEngine.swift;PreviewView.swift	simulated	Transport, Scrub, FPS-genaue Schritte, Vorschauzoom/Fit. Standbildanimation ohne Videodecoder/Ton.	Viewer jeder passenden Arbeitsfläche	Aktive Quelle vs Timeline unterscheiden; Fit und Zoom ändern keine Ausgabegeometrie.
VIEW-03	Vorschau	Aktuelles Bild als Medium sichern	PreviewContainerView.swift@captureFrameButton;EditorViewModel+MediaLibrary.swift	simulated	Kamera-Aktion im Viewer erzeugt ein neues Beispielbild im Medienbestand.	Kleines lokales Viewer-Symbol	Exaktes angezeigtes Frame erscheint im Medienpool mit eigener Identität.
VIEW-04	Vorschau	Offline-, Generierungs-, Fehler- und Retry-Zustände	PreviewContainerView.swift;GeneratingOverlay.swift	simulated	Offline-Bild statt erfolgreichem Schwarzbild, Relink und laufende Auftragsansicht.	Viewer und Auftragsstatus	Defekte Quelle nicht als schwarzes erfolgreiches Video darstellen; Relink/Fehlermeldung erreichbar.
POST-01	Postproduction	Position, Skalierung, Rotation, Deckkraft, Flip und Crop	InspectorView.swift@transformSection;TransformOverlayView.swift;CropOverlayView.swift	simulated	Video-Inspector: Position, Scale, Rotation, Deckkraft, Flip, Beschnitt und optionale direkte Bildpositionierung.	Postproduction > Bild und gemeinsamer Video-Inspector; auch im Schnitt erreichbar	Felder und direkte Canvas-Griffe bleiben synchron; Crop-Presets/Originalverhältnis und Reset erhalten.
POST-02	Postproduction	Tempo und retimete Clipbereiche	InspectorView.swift@speedSection;EditorViewModel+ClipMutations.swift	simulated	Clip-In/Out und Tempo auf derselben Instanz; native Retiming-/Audio-Semantik bleibt für Produktintegration verbindlich.	Schnitt > Clip-Inspector	Dauer, Quell-In/Out, verknüpfter Ton und nachfolgende Clips nach tatsächlicher nativer Semantik behandeln.
POST-03	Postproduction	Keyframes für Transform/Deckkraft/Lautstärke und Navigation	KeyframesLane.swift;EditorViewModel+Keyframes.swift;InspectorView.swift@keyframeControls;Keyframe.swift	simulated	Keyframes im passenden Bild-/Tonkontext; animierte Felder schreiben den Wert am Abspielkopf. Bei Mehrfachauswahl keine Einzelclip-Keyframes. Spur-Locks gelten auch für indirekte Änderungen.	Schnitt/Postproduction > gemeinsames Keyframe-Panel am Inspector	Keyframe setzen/löschen/verschieben, Wert editieren und vorheriges/nächstes anspringen.
POST-04	Postproduction	Interpolation und zeitabhängige Effektparameter	KeyframesLane.swift;TimelineView.swift@performSetVolumeKfInterpolation;Effect.swift	simulated	Linear, Ease In/Out und Hold; Transform/Deckkraft in Vorschau interpoliert. Effekt-/Audioautomation nutzt später native Renderer.	Schnitt/Postproduction > gemeinsames Keyframe-/Timeline-Kontextmenü	Vorhandene Interpolationsarten und animierte Werte bewahren; ein statischer Regler ersetzt sie nicht.
POST-05	Postproduction	Tonwerte, Weißabgleich, Vibrance und Sättigung	AdjustTab.swift@toneControls;EffectRegistry.swift	simulated	Farbe > Basis: alle Tonwert-/WB-/Vibrance-/Sättigungsparameter, Bypass, Reset, Undo. Vorschau vereinfacht.	Postproduction > Farbe > vorhandener Adjust-Inspector; auch im Schnitt erreichbar	Alle vorhandenen Parameter sowie Gruppen-Bypass, Reset, Undo und Mehrfachauswahl erhalten.
POST-06	Postproduction	RGB-Kurven und Hue-Kurven	AdjustTab.swift@curvesContent;CurveEditorView.swift;HueCurveEditorView.swift;GradeCurve.swift;HueCurves.swift	simulated	Farbe > Kurven: RGB, Einzelkanäle und Hue-Ziele, fünf editierbare Punkte mit Diagramm. Keine native Farbpipeline im Browser.	Postproduction > Farbe > gemeinsamer Adjust-Inspector	Kanäle/Punkte und Farbzielkurven bearbeiten, zurücksetzen und rendern; keine neuen unabhängigen Grade-Daten.
POST-07	Postproduction	Farbräder	AdjustTab.swift@wheelsContent;ColorWheelControl.swift;ColorWheels.swift	simulated	Farbe > Farbräder: Schatten/Mitten/Lichter mit Farbton, Stärke und Helligkeit; gemeinsame Clipdaten. Kein vollständiger Grading-Renderer.	Postproduction > Farbe > gemeinsamer Adjust-Inspector	Schatten/Mitten/Lichter und vorhandene Parameter verwenden; Wirkung und Rücksetzung prüfen.
POST-08	Postproduction	LUT laden, Intensität, Bypass und Verwaltung	AdjustTab.swift@lutContent;LUTLoader.swift;LUTTetraKernel.swift	simulated	Farbe > LUT: Auswahl, Beispielimport, Intensität und Bypass; echte .cube-Auswertung bleibt nativ.	Postproduction > Farbe > LUTs	Projektlokale LUT-Bindung, Intensität und Export erhalten; kein rein dekoratives Preset.
POST-09	Postproduction	Schärfen, Entrauschen, Clarity und Dehaze	AdjustTab.swift@detailControls;EffectRegistry.swift	simulated	Farbe > Effekte: Schärfe, Denoise, Clarity, Dehaze als gespeicherte Parameter; kein nachgebauter Bildrenderer.	Postproduction > Effekte > Detail	Vorhandene gerenderte Parameter, Reset und Reihenfolge erhalten.
POST-10	Postproduction	Blur und Motion Blur	AdjustTab.swift@blurControls;EffectRegistry.swift	simulated	Effekte: Blur, Motion Blur und Winkel; vereinfachte Blur-Vorschau.	Postproduction > Effekte	Menge und Richtung des vorhandenen Effekts erhalten, keine Behauptung von Bewegungsschätzung.
POST-11	Postproduction	Vignette, Grain und Glow	AdjustTab.swift@vignetteControls;EffectRegistry.swift	simulated	Effekte: Vignette, Grain, Glow mit Teilparametern. Browser zeigt nur vereinfachte Wirkung.	Postproduction > Effekte	Alle bestehenden Teilparameter und Bypass/Reset erreichbar halten.
POST-12	Postproduction	Chroma Key	AdjustTab.swift@chromaKeyControls;ChromaKeyKernel.swift	simulated	Farbe > Chroma-Key: Farbton, Toleranz, Softness, Spill gespeichert; native Chroma-Komposition ist nicht simuliert.	Postproduction > Effekte > Chroma Key	Farbton, Toleranz, Softness und Spill sowie Komposition über darunterliegender Spur erhalten.
POST-13	Postproduction	Farbmessung und referenzbezogene KI-Farbkorrektur	ToolExecutor+Color.swift;ColorScopes.swift;ToolDefinitions.swift@inspectColor	simulated	Farbe > An Referenz angleichen: begrenzter Beispielvorschlag mit Annahme/Undo; kein erfundenes natives Scope-Panel.	Postproduction > Farbvergleich am Clip, vorhandene Mess-/Apply-Tools	Gemessene Werte und Referenz unterscheiden; KI-Änderung prüfbar annehmen und rückgängig machen. Kein erfundenes Scope-Panel als Bestand zählen.
POST-14	Postproduction	Audiopegel, Fades, Lautstärke-Keyframes und Tempo	AudioTab.swift;TimelineInputController.swift@addVolumeKeyframeOnClick;CompositionBuilder.swift	simulated	Ton: Clip-Pegel, Fade-in/out, Tempo und Gain-Keyframes. Ohne Audioausgabe im Clickdummy.	Postproduction > Ton; gemeinsame Audio-Inspector-/Hüllkurven-Werkzeuge auch im Schnitt	Mehrere Audioclips separat bearbeiten; Fade-Knie und Interpolation prüfen.
POST-15	Postproduction	Titel, Typografie, Farbe, Hintergrund, Kontur, Schatten, Layout	TextTab.swift;TextStyle.swift;TextLayerController.swift	simulated	Titel sind auswählbare Timeline-Objekte mit eigener Spurbindung, Inspector und Löschen. Spur-Sichtbarkeit/-Lock wirken auf Titel. Mehrere Titel mit Textgestaltung und Timing.	Postproduction > Titel; gemeinsamer Text-Inspector und Canvas, auch im Schnitt erreichbar	Titelclips von Textdokumenten unterscheiden; Styling, Ausrichtung, Position und mehrlagige Titel erhalten.
POST-16	Postproduction	Automatische Untertitel mit Sprache, Quelle und Stil	CaptionTab.swift;CaptionBuilder.swift;EditorViewModel+Captions.swift	simulated	Untertitel: Quelle, Sprache, Stil, Filter, Beispieltranskription; Ergebnis sind editierbare Titelclips.	Postproduction > Untertitel, Vorschau und gemeinsamer Text-Inspector; auch im Schnitt erreichbar	Quelle/Track, Sprache, Layout und Stil wählen; echte Caption-Clips erzeugen und editieren.
POST-17	Postproduction	Füllwörter entfernen, Caption-Korrekturen und Übersetzung	CaptionTab.swift@prefillCaptionTask;ToolExecutor+Words.swift;WordCutPlanner.swift	simulated	Korrektur und Übersetzung im Untertitelkontext; Füllwort-Schnittvorschlag nur im Schnitt. Postproduction führt dafür mit Clipkontext zurück zum Schnitt. Beispieldaten statt Transkript-Engine.	Schnitt > Untertitel > begrenzte Änderungs-/Schnittvorschläge	Vorher/Nachher und betroffene Zeitbereiche prüfen; bestehendes remove_words/Ripple verwenden.
PROD-01	Produktion	Generische Phasen plus Pack-Ergänzungen/Abweichungen	UIContract.swift;EngineRegistry.swift;MusicvideoPack.swift;ProjectCockpitView.swift	simulated	Getrennte Core-Zielphasen und Pack-Beiträge; Generic/Music Video, fehlender/unbekannter Pack sperrt UI. Zielreihenfolge bleibt Vorschlag NEW-03, kein nativer Vertragsersatz.	Produktion-Sidebar aus aufgelöstem Host-/Pack-Vertrag	Generischer und Musicvideo-Vertrag unterschiedliche Phasen/Intakes/Oberflächen; unbekannter Pack nicht als generisch öffnen.
PROD-02	Produktion	Track, optionale Lyrics, Init, Analyse, danach optionales Material	HardStepManifest.swift;AgentDialogCard.swift;MUSICVIDEO_START_CONTRACT.md	simulated	Musicvideo-Start, explizite Medienzuweisung, optionale Lyrics; Material-Intake erst nach Audioanalyse.	Produktion > aktueller strukturierter Schritt	Medienimport ist keine Zuweisung; Lyrics überspringen möglich; Greenfield ohne vorhandene Geschichte bleibt vollständig.
PROD-03	Produktion	Wiederholbare vorbereitete Figuren/Orte und Stilreferenzen	AgentDialogCard.swift@clearRepeatableDraft;Sources/MusicvideoPlugin/Resources/MusicvideoPack/hardsteps.json	simulated	Wiederholbares Material-Intake mit Nummer, Art/Name/Bild, Pflichtfeldsperre, Überspringen/Fertig.	Nach bestätigter Analyse, optionaler Materialschritt	Name/Bilder erforderlich, nummerierte Einträge, erstes Skip und später Done ausdrücklich; keine erfundenen Briefingbilder.
PROD-04	Produktion	Audioanalyse: Beats/Downbeats, Strukturhierarchie, Energie, Tempo/Tonart	AnalysisSurfaceData.swift;AnalysisPanelView.swift;PackSurfacePrimitives.swift;AnalysisRunner.swift	simulated	Audio: Wellenform, Sektionen, Energie/Spannung und Interpretation; Drilldown bis Takt. Werte sind Demo-Evidenz.	Musicvideo > Audioanalyse; generische Pack-Primitives wiederverwenden	Section/Segment/Phrase-Grenzen und Messwerte aus kanonischen Daten zeigen, nicht frei neu schätzen.
PROD-05	Produktion	Analysequalität, ungeklärte Struktur, Remeasurement und Messdiagnose	AnalysisPanelView.swift@structureReviewBanner;AnalysisMeasurementProof.swift	simulated	Analyse-Inspector: Messdetails und erneuter Messauftrag. Keine lokale Audioanalyse im HTML.	Audioanalyse > kontextbezogene Hinweise und Aktion	Unsichere Struktur nicht als sicher freigeben; neue Messung zeigt echte Stufen und aktuellen Track.
PROD-06	Produktion	Brief, Production Design, Treatment und Storyboard als getrennte Artefakte	StoryPanelView.swift;PipelineArtifactWriteContract.swift;UIContract.swift	simulated	Brief, Gestaltung, Treatment, Skript und Storyboard mit eigenen Aufgaben; native Artefakt-/Writer-Trennung dokumentiert.	Produktion > jeweiliges Dokument; kanonischen Writer wiederverwenden	Änderung/Revision/Approval exakt demselben Artefakt zuordnen, nicht nur Text im Browser ersetzen.
PROD-07	Produktion	Patterns, Affect, gemessene Signatur und evidenzbasierte Empfehlung	PatternRecommendationSet.swift;PatternFitScorer.swift;StoryPanelView.swift;PATTERN_FIT_CONTRACT.md	simulated	Brief/Treatment: Pattern-Empfehlung, Alternativen und Begründung. Kein nachgerechneter nativer Fit-Score.	Brief/Treatment > visuelle Wahl mit begründeten Empfehlungen	Messung, Interpretation und Präferenz trennen; Alternativen zulassen; Konfidenz nicht aus fehlenden Daten erfinden.
PROD-08	Produktion	Characters, Ensembles, Props, Locations und Look	BiblePanelView.swift;Bible.swift;InspectorView.swift@entityInspectorContent	simulated	References > Identitäten: Figuren, Ensembles, Props, Orte und Look; gerenderte Beispielreferenzen.	References > Identitäten/Objekte/Orte/Look mit gemeinsamem Objekt-Inspector	Umbenennung Bible zu References ändert weder Schema noch Entity-IDs oder Datentypen.
PROD-09	Produktion	Objektgraph, Verwendung, Breadcrumbs und Shot-Provenienz	ObjectGraph.swift;InspectedObject.swift;InspectorView.swift@shotProvenanceSections	simulated	Objekt-Inspector: Verwendung und direkter Shot-Sprung; Medien/Take/Clip beziehen sich auf gemeinsame IDs. Graph exemplarisch.	Objektbezogener Inspector in allen Arbeitsbereichen	Von Figur zur Verwendung, zum Shot, Take und Timeline-Clip navigieren ohne Selektion umzudeuten.
PROD-10	Produktion	Ledger-Attribute mit Sperre, Herkunft und entity-bezogener Bearbeitung	Ledger.swift;InspectorView.swift@ledgerSection;InspectorView.swift@applyEntityEdit;ToolExecutor+Workflow.swift	simulated	Entity-Inspector: Attribute, Sperren, Herkunft und begrenzter Änderungsauftrag; Ankerfreigaben werden revidiert.	References > Objekt-Inspector, strukturierter Änderungsauftrag	Gesperrte Identitäts-/Stilattribute nicht still überschreiben; Herkunft und Auswirkungen der Änderung sichtbar.
PROD-11	Produktion	Hybride Shotquellen generated/live_action/ai_enhanced	ShotlistPanelView.swift;EditorViewModel+Shotlist.swift;PipelineShotlistWriter.swift	simulated	Shotplanung: generiert/importiert/AI-enhanced und explizite Quellwahl; echte Dateivalidierung bleibt nativer Writer.	Shotplanung > Quelle und Produktionsart	Importiertes/AI-enhanced Material hat exakten source_path; Frames wird passend übersprungen; kein automatisches Substituieren.
PROD-12	Produktion	Shot-Dauern, Kamera, Modelle, Eingabe-/Conditioning-Strategien	Shotlist.swift;ConditioningStrategyV1.swift;ExecutionPlanValidator.swift	simulated	Shotplanung: Dauer/Kamera, Conditioning, Modell/Profil und Quellbindungsprüfung. Native Modell-Limits weiterverwenden.	Shotplanung > kontextabhängiger Inspector	Planlänge, Providerdauer, Handles, Referenzrollen und ausführbare Modellfähigkeit konsistent prüfen.
PROD-13	Produktion	Frame-Continuation und native Video-Extension	PipelineShotlistWriter.swift;ToolExecutor+Workflow.swift@nextRenderShotTool;Shotlist.swift	simulated	Shot-Inspector: Anschlussstrategie und Quellbindungen für Frame-Continuation/native Extension.	Shotplanung > Anschlussstrategie; Takes > exakte Quellbindung	Continuation bindet letzten Frame des Vorgängers; Extension bindet echtes Vorgängervideo und ausführbaren Modus.
PROD-14	Produktion	Blocking, räumliche Pläne, 360-Panorama und POV-Extraktion	SpatialProductionPlanV1.swift;PovExtractor.swift;ToolExecutor+Workflow.swift@extractScene3dPovs	simulated	Blocking: gemeinsamer Plan, Blockout und 360°-POV-Auftrag; keine separate 3D-Modellierungs-App.	Shotplanung > Blocking mit Quellen und Kameraansichten	Dieselbe Geometrie für Perspektivwechsel verwenden; Extraktion lokal/deterministisch; Restyling als separater Auftrag.
PROD-15	Produktion	Story-Chronologie, Zustandsleiter und Kausalitätsprüfung	StoryCausalityPlanV1.swift;StoryboardCausalityV1.swift;SpatialProductionPlanV1.swift;SanityPanelView.swift	simulated	Render-Review: Story-Weltzeit und Zustandsanschlüsse statt reiner Montagefolge; demonstrierter Kausalitätskonflikt.	Pre-Render-Review > Zustände/Anschlüsse nach Story-Weltzeit	Zeitsprünge im Film nicht als Weltchronologie behandeln; echte Checks und zusätzliche semantische Prüfung unterscheiden.
PROD-16	Produktion	Sanity-Befunde mit Schwere, Evidenz, Quelle und Korrektur	SanityPanelView.swift;CheckRegistry.swift;MusicvideoProductionGate.swift	simulated	Render-Review > Befunde/Evidenz, Schwere und Korrekturwege; vorhandene native CheckRegistry ist später anzubinden.	Produktion > Pre-Render-Review	Alle registrierten Core-/Pack-Checks erhalten; Warnung/Blocker/Info und Artefaktverweis nicht auf ein Ampelsignal reduzieren.
PROD-17	Produktion	Frames/Anker auswählen, neu erzeugen und aus Frames remixen	ReviewPanelView.swift;FramesPanelModel.swift;FrameAuditAcceptanceV1.swift	simulated	References > Anker: Auswahl, Neuversuch und Remix als geprüfter Kostenauftrag; Sketches bleiben getrennt.	References > Shot-Anker > Auswahl/Neuversuch/Remix	Sketches und gerenderte References getrennt halten; genaue Eingangsframes und Kostenfreigabe nachweisen.
PROD-18	Produktion	Frame-, Produktionsstil- und Timeline-Stilreview	FrameFindingsReviewView.swift;ProductionStyleReviewView.swift;TimelineStyleReviewView.swift	simulated	Bild-/Stilreview an References und Film-/Übergangsreview in Postproduction; exakte Sequenzbindung erkennt Änderungen.	References/Pre-Render-Review/Postproduction jeweils am eigenen Artefakt	Abweichungen mit Begründung annehmen; stale Review nach Bild-/Stil-/Timelineänderung erkennen.
PROD-19	Produktion	Takes: sechs Prüfgänge, Ablehnung, Abweichung, Auswahl	TakeReviewView.swift;TakeReview.swift;PipelineRenderTakeStore.swift	simulated	Take-Klick öffnet sechs Prüfgänge. Freigabe/Ablehnung/Abweichung, Pflichtbegründung und aktuelle Revision geprüft.	Produktion > Takes > objektbezogener Review	Nur gültiger Review des exakten Takes erlaubt Auswahl; abgelehntes Material nicht freigeben.
PROD-20	Produktion	Nutzbaren Bereich eines Takes retten und geprüft einfügen	TakeRangeReviewView.swift;ReviewedTakeRange.swift	simulated	Takes > Bereich retten: In/Out, Sichtungsbestätigung, Tonwahl, neues Bereichsmedium für gezielten Insert.	Takes > Bereich retten, danach gezielter Insert im Schnitt	Bereich mit Start/Ende, Beobachtung und Audio-Wahl separat prüfen und exakt übernehmen.
PROD-21	Produktion	Iterationsentscheidungen, Reparatur, Rewrite, Simplify, Model-Limit	TakeRepairView.swift;TakeRepairPlan.swift;TakeIterationPolicyV1.swift	simulated	Takes > Nächsten Versuch planen: begrenzte Reparatur, Vereinfachung oder Rewind. Kein autonomer Dauerrender.	Takes > Nächster Versuch / Korrekturplan	Fehlversuche und Grenze berücksichtigen; kein endloses autonomes Neu-Rendern; Kosten erneut freigeben.
PROD-22	Produktion	Gate-Approve, Needs Revision, Rewind, Status-/Artefaktzugriff	PipelinePanelView.swift;NativeGateWriter.swift;PipelineAgentHarness.swift@PipelinePhaseAccess	simulated	Vorhandene Demo-Freigabe/Rewind/Revision und aktueller Schritt; laufende Aufträge sperren Eingriffe. Native strukturelle Gates nicht ersetzt.	Produktion > aktuelle Phase und deren Kontextmenü	Nur aktueller Phasezugriff; Job sperrt Mutationen; kanonische Readiness auf Klick erneut prüfen.
PROD-23	Produktion	Song-Anker, Render-Provenienz und deterministische Assembly	EditorViewModel+SongAnchor.swift;ToolExecutor+Workflow.swift@assembleTimeline;AssemblyPlanV1.swift;PipelineRenderTakeStore.swift	simulated	Takes > Geprüfte Auswahl übernehmen: neue Montage-Spur, vorhandene Sequenz bleibt erhalten; Songbezug.	Takes > Montage übernehmen; Schnitt bleibt frei bearbeitbar	Freigegebene Take-/Bereichs-IDs, Trackbindung und Montagezeitpunkte exakt übernehmen; spätere Montage nicht heimlich überschreiben.
AGENT-01	Interaktion	Choice, Multi-choice, Prosa, Datei-Intake, Cancel und Empfehlungen	AgentDialogCard.swift;ToolDefinitions.swift@showDialog;AgentSurfaceState.swift	simulated	Kontextauftrag mit Choice/Multi-choice, Defaults, optionaler Prosa, Pflichtfeldern und Abbruch; kein freier Chat.	Kontextgebundener Interaktionsbereich der aktiven Aufgabe	Alle existierenden Dialogarten einschließlich Defaults, Pflichtfeldern, Empfehlungen und Abbruch erreichbar halten.
AGENT-02	Interaktion	Strukturierte Blocks, Artefaktvorschau und Medienanzeige	AgentBlocksView.swift;AgentMessageView.swift;ToolDefinitions.swift@showBlocks	simulated	Artefakte/Medien in Arbeitsflächen, Vorschau/Annahme im Interaktionsbereich; native Block-Vokabel nicht als Chat darstellen.	Aktuelle Arbeitsfläche und aufgabenbezogene Ergebnisansicht	Alle vorhandenen Blockarten rendern; Medien und Detailansichten öffnen; keine technische JSON-Prosa als UI.
AGENT-03	Interaktion	Laufstatus, Tool-Fortschritt, Cancel, Wiederaufnahme und Fehler	AgentLiveStatusView.swift;ToolRunPresentation.swift;PipelinePhaseProgressView.swift;AgentService.swift	simulated	Beständiger Auftragsbereich, Fortschritt, Stop/Fortsetzen, Backend-Bereitschaft. Provider-Transportfehler bleiben echte Integrationszustände.	Kontextbezogener Auftragsstatus und beständiger KI-Indikator mit nichtmodalem Fly-out	Transportverlust nicht als Phasenende interpretieren; Runtime-/Providerfehler unterscheiden; echte Stage-Grenzen zeigen.
AGENT-04	Interaktion	Objekt-/Bereichskontext statt Mentions/Add to Chat	MentionPopover.swift;InspectorView.swift@scopedThreadButton;TimelineView.swift@performAddClipsToChat	simulated	Aufträge binden Clip/Objekt/Revision und Filmstand; kein verdeckter neuer freier Chat.	Objekt-/Clip-/Bereichsauswahl > begrenzter Auftrag	Exakte Objekt-/Asset-/Range-IDs übergeben; nicht mehr verdeckt eine neue freie Konversation starten.
AGENT-05	Interaktion	Auftrags-/Entscheidungshistorie statt paralleler Chats	AgentPanelView.swift;ChatHistoryList.swift;ChatSessionStore.swift	simulated	Aufträge & Entscheidungen als Verlauf; erneutes Öffnen. Bestehende Chatarchive erfordern bei nativer Migration Erhalt.	Projektaktivität und objektbezogene Entscheidungen	Wiederfinden, Fortsetzen, Löschen und aktueller Auftrag bleiben möglich; bestehende Gespräche nicht bei Migration verlieren.
AGENT-06	Interaktion	Model-/Runtime-Wahl, Backendwechsel und Local MCP	AgentPane.swift;AgentPanelView.swift@backendRecoveryDock;MCPInstructionsPane.swift	simulated	Einstellungen > Agent: Embedded/API-Wahl, Bereitschaft und Verbindungen; keine Geheimnisse im Dummy.	Einstellungen > Agent; Diagnose/Verbindungsstatus	Embedded CLI und API-Key-Weg erhalten; Backend-Bereitschaft unabhängig vom Intake früh anzeigen, Fehler mit direktem Einstieg in Agent-Einstellungen; App-Sprache und lokale MCP-Anbindung erhalten.
AGENT-07	Interaktion	Externe MCP-Server hinzufügen/importieren, vertrauen, bearbeiten, entfernen	AgentPane.swift@beginAddingExternalMcpServer;ExternalMcpServers.swift	simulated	Einstellungen > Agent: MCP hinzufügen mit explizitem Vertrauen, entfernen. Keine tatsächliche Verbindung.	Einstellungen > Agent > Verbindungen	Vertrauensbestätigung, Mehrfachimport, Namenskonflikte und Entfernen bewahren; keine automatische FilmFlow-Zuweisung.
FIN-01	Postproduction	Film-/Übergangssichtung, eigene Befunde, Aktionen und Zeitbereiche	SequenceReviewView.swift;SequenceReviewV1.swift;PipelineSequenceReviewStore.swift	simulated	Postproduction > Endkontrolle: Film, Übergänge, eigene Befunde, Sichtung und Korrekturziel.	Postproduction > Endkontrolle	Aktuelle echte Montage mit Audio prüfen; jede Befundaktion und exakte Bereiche erhalten.
FIN-02	Postproduction	Postproduction-Korrektur mit bestehenden Edit-Werkzeugen	FinishReviewPane.swift;InspectorView.swift;AdjustTab.swift;AudioTab.swift	simulated	Eigener Postproduction-Bereich mit denselben Clips, Grades, Ton und Titeln; Review bindet Bild, Ton, Spuren und Geometrie.	Postproduction > vollständige gemeinsame Inspector-Werkzeuge; Montagekorrekturen im Schnitt	Kein eigener zweiter Grade-/Audiostand; Rückkehr nach Änderung macht veralteten Review ungültig.
FIN-03	Export	H.264/H.265/ProRes, Auflösungen, Master/Ableitung, Review-Option	ExportView.swift;ExportOptions.swift;PipelineDeliveryStore.swift	simulated	Eigener Export-Bereich: Codec, Master/Ableitung, Auflösung, optionale aktuelle Sichtung; Projekt-FPS/Aspekt und freier NLE-Export.	Export > Videoausgabe und natives Export-Menü	Projektaspekt/FPS bewahren; Review-Pflicht bleibt ausdrückliche Option; vorhandener Export aus freiem NLE bleibt möglich.
FIN-04	Export	XML-Übergabe und selbstenthaltene Projektkopie	XMLExporter.swift;ProjectPackageExporter.swift;ExportView.swift	simulated	Export > XML oder Projektkopie, Grenzen ausdrücklich angezeigt; keine tatsächlichen Dateien geschrieben.	Export > XML-/Projektübergabe; natives Exportfenster	XML-Verluste benennen; Projektkopie bindet Medien ein und weist fehlende Dateien aus.
FIN-05	Export	Ausgabeauftrag, Fortschritt, Abbruch, Recovery, technische Probe	PipelineDeliveryStore.swift;ExportCoordinator.swift;ExportView.swift;ExportService.swift;ToolExecutor+Export.swift	simulated	Ausgabeauftrag, Fortschritt, Stop und Verlauf. Datei-Prüfung ausdrücklich simuliert, frühere Snapshots unverändert.	Export > Aufträge, Ausgabeverlauf und Datei-Prüfung; eigener Exportindikator mit Live-Fly-out in allen Arbeitsbereichen	Unfertige/fehlgeschlagene Exporte nicht als erfolgreich markieren; Codec/Größe/FPS/Dauer/Audio tatsächlich prüfen.
SET-01	Einstellungen	UI-Skalierung, Benachrichtigungen, Diagnose-Einwilligung	AppearancePane.swift;NotificationsPane.swift;PrivacyPane.swift	simulated	Einstellungen > Allgemein: Skalierung, Benachrichtigungen, Diagnose-Einwilligung; keine echte Telemetrie.	Vorhandene allgemeine Einstellungen	Skalierung beeinflusst Controls, nicht Filmtiming; Benachrichtigung und Telemetrie bleiben ausdrückliche Optionen.
SET-02	Einstellungen	Provider: API-Keys, OAuth-Verbindungen, Aktivierung, Prompt-Processing	ProvidersPane.swift;ProviderOAuth.swift;GenerationProviderAuth.swift	simulated	Einstellungen > Provider: simulierte Aktivierung, Generatorfilter; Prompt-Aufbereitung immer aktiv; keine API-Key-Eingabe im Demo.	Einstellungen > Provider	Vorhandene funktionierende Provider erhalten; Keys geschützt; keine unausführbaren Eingabefelder hinzufügen.
SET-03	Einstellungen	Modelle suchen/aktivieren, Capability-Recherche mit Evidenz und Annahme	ModelsPane.swift;ModelCapabilityResearchPane.swift;ModelCapabilityResearchController.swift	simulated	Einstellungen > Modelle: aktivieren/deaktivieren und begrenzter Evidenzvorschlag. Kein live recherchierter Katalog.	Einstellungen > Modelle	Nur belegte Fähigkeitsfelder annehmen; Vergleich, Deaktivieren, Archivieren, Aktualisieren und Löschen erhalten.
SET-04	Einstellungen	Speicherort, Cache, Suchindex/-modell	StoragePane.swift;ProjectWorkingCopy.swift	simulated	Einstellungen > Speicher: Speicherort, Cachezustand, Index und Neuaufbau; Originalmedien bleiben erhalten.	Einstellungen > Speicher	Cache/Index-Löschen entfernt keine Originale; neuer Projektordner verschiebt keine bestehenden Projekte.
PACK-01	Format-Packs	Installieren, Aktualisieren, Entfernen und Neustartzustände	PluginsPane.swift;PluginRemovalSheet.swift;PluginUpdateCenter.swift;PluginInstaller.swift	simulated	Einstellungen > Format-Packs: Projektversion, Update, ungenutzte Version entfernen; Update ändert Projekt nicht still.	Einstellungen > Format-Packs und Projektstart	Alle Versions-/Ladezustände verständlich; genutzte/residente Versionen nicht still ersetzen.
PACK-02	Format-Packs	Exakte Projekt-Pins, Recovery-Kopie und explizites Upgrade	ProjectPackGate.swift;ProjectPackMigration.swift;ProjectPluginSettings.swift	simulated	Fehlende Version als blockierende Ansicht, passende Version wiederherstellen oder explizite Recovery-Kopie.	Projekt öffnen > Auflösungskonflikt; Pack-Einstellungen	Fehlender/falscher Pack stoppt Laden/Speichern; Upgrade migriert ausdrückliche Kopie, kein latest-wins.
PACK-03	Format-Packs	Pack-Akzent, deklarative Oberflächen und dynamischer UI-Vertrag	PackAccent.swift;PackSurfaceDocument.swift;MusicvideoPack.swift;UIContract.swift	simulated	Aufgelöste Demo-Packfarbe in Chrome/Selektion/Primäraktionen; generische Phasen plus kleine Pack-Ergänzung. Kein neuer nativer Pack-ABI.	Host-eigene Chrome/Primitives, Pack liefert Farbe und Daten	Pack-Farbe deutlich ohne farbige Rahmen; generischer Workflow bleibt vollständig; keine Musicvideo-Sonderlogik in allen Panels.
CORE-01	Core/Harness	Kanonische Writer, Gates, kumulative Lineage, typisierte Dateien	PipelineArtifactWriteContract.swift;PipelineAgentHarness.swift@PipelinePhaseAccess;PipelineShotlistWriter.swift;PIPELINE_AGENT_HARNESS.md	simulated	Writer-/Gate-/Lineage-Zuordnung im Erhaltungsvertrag; UI simuliert Freigaben, native Dienste bleiben maßgeblich.	Vorhandene Host-/Engine-Dienste hinter allen neuen UI-Aktionen	Keine UI-Mutation umgeht Writer/Gate oder kopiert die kanonische Wahrheit in einen zweiten State.
CORE-02	Core/Harness	Phasenjobs, idempotente Wiederaufnahme, Runtime-Dokumente und Capabilities	PipelinePhaseExecution.swift;PipelineAgentHarness.swift;PIPELINE_AGENT_HARNESS.md	simulated	Ein aktiver Demo-Auftrag, laufende Mutationen gesperrt, Batch-Fortsetzung ohne doppelte Ergebnisse; keine MCP-Lifetime-Implementierung.	Interaktions-/Fortschrittsbereich, Engine unverändert	Ein Projekt führt nur einen Phasenjob aus; Reconnect/Retry startet keinen zweiten Auftrag.
CORE-03	Core/Harness	Prompt-Compile, Budget, Referenz-Snapshots, Prepared Requests	PromptCompiler.swift;GenerationBudgetGuard.swift;GenerationReferenceSnapshot.swift;GenerationRequest.swift	simulated	Kosten-/Quellen-/Revisionsbindung und erneute Prüfung vor Übernahme. Promptcompiler/PreparedRequest später direkt weiterverwenden.	Gemeinsame native Auftragsvorbereitung	Kosten-/Quelländerung macht Freigabe ungültig; Ausgabe bindet tatsächliches Modell, Prompt und Referenzen.
CORE-04	Core/Harness	Produktionswissen und formatübergreifende Profile	ProductionProfile.swift;ProductionKnowledgeLoaderV1.swift;ProductionRequirementResolverV1.swift;PRODUCTION_PROFILES.md	simulated	Produktionsprofil am Shot-Inspector mit Pack-Ergänzung; Produktionswissen kommt nativ aus bestehenden Loadern, nicht aus HTML-Prompts.	Produktionsaufgaben nutzen vorhandene Core-Profile und Pack-Ergänzungen	Keine Kopie generischer Filmdoktrin in jeden Pack; Ratschläge und deterministische Pflichten unterscheiden.
PROD-24	Produktion	Nativer oder importierter Blockout-Clip mit Kamera-/Layout-/Zustandsbindung	NativeBlockoutExporter.swift;PipelineSpatialProductionWriter.swift;SpatialProductionPlanV1.swift	simulated	Shotplanung > Blocking: Plan-/Elevations-Blockout mit Zeitregler oder Importauftrag. Statische Vorschau, kein echter MOV-Export.	Shotplanung > Blocking > Blockout-Vorschau/Import	Vorhandenen deterministischen Plan-/Elevationsexport nutzen; nicht als vollständigen 3D-Editor ausgeben; importiertes MOV und exakte Hashbindungen erhalten.
PROD-25	Produktion	Musicvideo: Performance-Segmente, Visual Arc, Coverage und Final Mix	PipelineMusicvideoProductionWriter.swift;MusicPerformanceSegmentExporter.swift;MusicvideoProductionExtensionsV1.swift;PipelineMusicvideoAssemblyWriter.swift	simulated	Musicvideo ergänzt Shotplanung um Performance-Segmente, Visual Arc/Coverage; Ton nutzt gemeinsamen Song-Clip.	Musicvideo ergänzt Shotplanung und Montage/Ton	Samplegenaue Track-Segmente, Lyrics-Bindung, Coverage/Motiv-Setups und finalen Song-Mix erhalten; nicht zum generischen Pflichtworkflow machen.
PROD-26	Produktion	Shot-Delivery als Video oder Still mit Ken-Burns-Bewegung	PipelineShotDelivery.swift;ShotDeliveryModeV1.swift;ToolExecutor+Workflow.swift@renderDeliveryModes	simulated	Shotplanung: Video-/Still-Delivery und Ken-Burns-Parameter. Videorender-Engine nicht verbunden.	Shotplanung > Ausgabeart; Assembly übernimmt gültige Quelle	Still-Delivery vermeidet unnötige Videogenerierung; Bildquelle, Dauer und Bewegung nach bestehendem Vertrag erhalten.
CORE-05	Core/Harness	Lokale Audioanalyse-Adapter, Stem Separation, Beat/Chord/Transkription	AudioAnalysisRuntime.swift;DemucsStemSeparator.swift;BeatThisDetector.swift;ChordRecognizer.swift;WhisperCppTranscriber.swift;AppleMusicUnderstandingAnalyzer.swift	simulated	Analyse-Messdetails benennen lokale Adapter und erneutes Messen; keine Audioadapter oder Stem-DAW im Clickdummy implementiert.	Audioanalyse nutzt vorhandene Engine-Adapter; Status/Fehler im Interaktionsbereich	Vorhandene lokale Modelle/Adapter erhalten; OS-/Modellverfügbarkeit ehrlich; Engine-Stems nicht als fertigen DAW-Stem-Editor ausgeben.
NEW-01	Neue Vorschläge	Mehrere Sketch-Momente pro Storyboard-Shot	Storyboard.swift;docs/ui/desktop-production-workbench.js	proposal	Im Dummy vorhanden, im nativen Storyboard-Vertrag nicht gleichwertig vorhanden	Storyboard/Animatic, gesonderte versionierte Vertragserweiterung	Momente erfinden keine neuen Shot-IDs/Schnitte; Dauer bleibt eine gemeinsame Quelle.
NEW-02	Neue Vorschläge	FilmFlow-MCP-Import als Snapshot und Abkürzung	docs/ui/desktop-production-workbench.js;AgentPane.swift	proposal	Nur Demo-Import; kein fertiger FilmFlow-Adapter nachgewiesen	Projekt > expliziter Import mit Zuordnung/Annahme	Importiert vorhandene Arbeit; erzeugt keine fiktiven früheren Freigaben und ist nicht Pflicht.
NEW-03	Neue Vorschläge	Eigenständiges Skript, Planungsreihenfolge und zusammengeführte References	UIContract.swift;docs/ui/desktop-production-workbench.js;PIPELINE_AGENT_HARNESS.md	proposal	Zielphasen weichen vom nativen Phasenvertrag ab	Gesonderte Vertragsentscheidung; bisherige Artefakte/Gates erhalten	UI-Namen dürfen den Harness nicht still umordnen; Bible und Frames nicht zu einem unprüfbaren Artefakt verschmelzen.
NEW-04	Neue Vorschläge	Automatischer semantischer Gesamtfilm-Audit	SequenceReviewView.swift;docs/ui/desktop-production-workbench.finish.js	proposal	KI-Lichtbefund ist Beispieldatum, kein vorhandener autonomer Prüflauf	Begrenzter künftiger Adapter auf exaktem Review-Reel	Neue Fähigkeit getrennt ausweisen; native Mess-/Reviewdaten und künstlichen Beispielbefund nicht verwechseln.
FIN-06	Export	Optionales Album-Cover mit Formatvarianten und Typografie	Sources/MusicvideoPlugin/Resources/MusicvideoPack/phases/cover.md;MusicvideoPack.swift@Create optional cover artwork	simulated	Music Video > Export > Album-Cover; vorhandene Post-Pipeline-Utility, Referenz/Modellwahl, Kostenfreigabe, Behalten und separate Schriftvariante. Keine echten Bilder generiert.	Pack-spezifischer Export-Eintrag nach vollständiger Render-Freigabe	Ohne neue Phase; alle bestehenden Gates erhalten; Künstler und Titel explizit; sauberes Bild bleibt erhalten; nur ausführbare und geeignete Modelle.
NEW-05	Neue Vorschläge	Optionales Vorschaubild je Videoexport für alle Projektformate	EditorViewModel+MediaLibrary.swift@func captureCurrentFrameToMedia();docs/ui/desktop-production-workbench.cover.js	proposal	Export > Vorschaubild: Filmframe, Projektbild oder KI-Ergebnis; bewusste Zuordnung, eigener Snapshot im Ausgabeverlauf. PNG-Begleitdatei simuliert.	Generischer Export-Adapter auf vorhandener Frame-Aufnahme, Medienbibliothek und Bildgenerierung	Exakte Bildquelle und Format je Auftrag festhalten; Quelldatei-/Versionsprüfung und atomare Video-/Bildausgabe ergänzen; XML/Projektkopie unabhängig; keine Format-Pack-Pflicht.
